Designator,Footprint,Quantity,Value,LCSC Part #
"C1, C10, C11, C13, C19, C20, C3, C4, C40, C46, C5, C7, C8, C9",0402,14,100nF,
"C12, C14, C15, C16, C18, C36, C37, C38, C43, C6",0402,10,1uF,
C17,0402,1,10nF,
"C23, C24",0402,2,10pF,
"C25, C28, C29, C35",0402,4,100n,
"C26, C27, C33, C34",0402,4,47n 1%,
"C39, C47",CP_Elec_4x5.7,2,10uF,
"C41, C44",0402,2,220nF,
C45,CP_Elec_4x5.7,1,4u7F,
"D1, D2, D3, D4, D5",0201,5,LED,
D6,D_SOD-323_HandSoldering,1,SD24_SOD323,
F1,1812,1,1A,
"F2, F3",0603,2,300mA,
F4,1812,1,1.5A,
FB1,0603,1,1000Ω@100MHz,
"FB2, FB4, FB5, FB6",0603,4,60R@100MHz,
"H10, H2, H3, H4, H5, H7, H8, H9",MountingHole_2mm,8,M3,
IC1,ELVH005DHRRJINAA4,1,ELVH-MF12D-HRRJ-C-N3A4,
IC2,ELVHL10DHRRDCN2A4,1,ELVH-MF12D-HRRJ-C-N3A4,
J1,Autosport,1,Złącze TE,
J2,PinHeader_1x05_P2.54mm_Vertical,1,Conn_01x04,
J3,PinHeader_2x14_P2.54mm_Horizontal,1,Conn_02x14_Counter_Clockwise,
J4,CUI_UJ31-CH-31-SMT-TR,1,USB_C_Receptacle,
J5,PinSocket_2x14_P2.54mm_Vertical,1,Conn_02x14_Counter_Clockwise,
K1,Relay_StandexMeder_UMS,1,UMS05-1A80-75D,
L1,L_Abracon_ASPI-4030S,1,2u2H,
Q1,SOT-23,1,NX7002AK,
"R1, R2, R3, R4, R5",0402,5,100R,
"R10, R20, R21, R48, R50, R76, R77, R79, R80, R81, R82, R83, R84",0402,13,10k,
"R11, R12, R13, R14, R15, R16, R49, R93",0402,8,2k,
"R17, R18",0402,2,5k,
"R19, R9",0402,2,200R,
"R22, R23, R26, R27",0402,4,3k,
"R24, R25, R28, R29",0402,4,12k,
"R30, R31, R34, R35, R36, R37, R38, R39, R40, R41, R42, R43, R44, R45, R46, R47, R67, R68, R71, R72, R73, R74",0402,22,R_Small,
"R32, R33, R69, R70",0402,4,10k 1%,
"R6, R75",0402,2,220R,
"R85, R86",0402,2,4k7,
R87,0402,1,100k,
R88,0402,1,16k7,
R89,0402,1,0R,
SW1,SW_MEC_5GSH9,1,Reset switch,
"TP1, TP2, TP3, TP4, TP5",TestPoint_Pad_1.0x1.0mm,5,TestPoint,
U1,LQFP-64_10x10mm_P0.5mm,1,STM32G473RCTx,
"U10, U11",SOIC-16_4.55x10.3mm_P1.27mm,2,TLP291-4,
"U12, U13, U14, U18",TSOT-23-8_HandSoldering,4,TLV9152IDDFR,
"U19, U4, U5",SOT-23-5_HandSoldering,3,TLV743P,
U2,SOT-666,1,USBLC6-2P6,
U20,SOT-23,1,LM4040DBZ-5,
U3,LGA-14_3x2.5mm_P0.5mm_LayoutBorder3x4y,1,IMS330DHCX,
U6,TO-252-2,1,BD50FC0FP,
U7,IC_LM61460AANRJRR,1,LM62440-Q1,
U8,DFN-8-1EP_3x3mm_P0.65mm_EP1.55x2.4mm,1,MCP2542FDxMF,
Y1,Crystal_SMD_Abracon_ABM8G-4Pin_3.2x2.5mm,1,ABM8G-48.000MHZ,
